<?xml version="1.0" encoding="utf-8"?>
<!--/453620/1071759/2.50/3/2/Connector/-->
<quadcept_library>
  <setting unit="mil" />
  <textstyle name="Default" height="47.244094488189" strokewidth="7.8740157480315" charwidth="47.244094488189" />
  <textstyle name="Dimension" height="19.6850393700787" strokewidth="0" charwidth="19.6850393700787" />
  <textstyle name="H127W0635TH00762" height="50" strokewidth="3" charwidth="25" />
  <textstyle name="H15W15TH02" height="59.0551181102362" strokewidth="7.8740157480315" charwidth="59.0551181102362" />
  <padstyle name="c195_h130" surface="False" plated="True" isvia="False" nopaste="True" nomask="True" complex="False" holesize="51.181102362204">
    <padshape layer="TOP" shape="round" width="76.771653543306" height="76.771653543306" />
    <padshape layer="TOP_SOLDER_MASK" shape="round" width="84.645669291338" height="84.645669291338" />
    <padshape layer="INNER" shape="round" width="76.771653543306" height="76.771653543306" />
    <padshape layer="BOTTOM" shape="round" width="76.771653543306" height="76.771653543306" />
    <padshape layer="BOTTOM_SOLDER_MASK" shape="round" width="84.645669291338" height="84.645669291338" />
  </padstyle>
  <footprint name="1985917" originx="0" originy="0" pickpointx="0" pickpointy="0">
    <pcbpin number="1" name="1" style="c195_h130" originx="0" originy="0" rotation="90" />
    <pcbpin number="2" name="2" style="c195_h130" originx="200" originy="0" rotation="90" />
    <pcbpin number="3" name="3" style="c195_h130" originx="400" originy="0" rotation="90" />
    <line layer="TOP_ASSEMBLY" originx="-99.999999999999" originy="204.72440944882" endx="499.99999999999" endy="204.72440944882" width="7.8740157480314" />
    <line layer="TOP_ASSEMBLY" originx="499.99999999999" originy="204.72440944882" endx="499.99999999999" endy="-181.10236220472" width="7.8740157480314" />
    <line layer="TOP_ASSEMBLY" originx="499.99999999999" originy="-181.10236220472" endx="-99.999999999999" endy="-181.10236220472" width="7.8740157480314" />
    <line layer="TOP_ASSEMBLY" originx="-99.999999999999" originy="-181.10236220472" endx="-99.999999999999" endy="204.72440944882" width="7.8740157480314" />
    <line layer="TOP_SILKSCREEN" originx="-99.999999999999" originy="204.72440944882" endx="499.99999999999" endy="204.72440944882" width="3.9370078740157" />
    <line layer="TOP_SILKSCREEN" originx="499.99999999999" originy="204.72440944882" endx="499.99999999999" endy="-181.10236220472" width="3.9370078740157" />
    <line layer="TOP_SILKSCREEN" originx="499.99999999999" originy="-181.10236220472" endx="-99.999999999999" endy="-181.10236220472" width="3.9370078740157" />
    <line layer="TOP_SILKSCREEN" originx="-99.999999999999" originy="-181.10236220472" endx="-99.999999999999" endy="204.72440944882" width="3.9370078740157" />
    <line layer="TOP_PLACE_BOUND" originx="-181.88976377953" originy="244.09448818897" endx="539.37007874015" endy="244.09448818897" width="3.9370078740157" />
    <line layer="TOP_PLACE_BOUND" originx="539.37007874015" originy="244.09448818897" endx="539.37007874015" endy="-220.47244094488" width="3.9370078740157" />
    <line layer="TOP_PLACE_BOUND" originx="539.37007874015" originy="-220.47244094488" endx="-181.88976377953" endy="-220.47244094488" width="3.9370078740157" />
    <line layer="TOP_PLACE_BOUND" originx="-181.88976377953" originy="-220.47244094488" endx="-181.88976377953" endy="244.09448818897" width="3.9370078740157" />
    <line layer="TOP_SILKSCREEN" originx="-134.64566929134" originy="0" endx="-134.64566929134" endy="0" width="11.811023622047" />
    <arc layer="TOP_SILKSCREEN" originx="-138.58267716535" originy="0" startangle=".0" sweepangle="180.0" radius="3.9370078740157" width="11.811023622047" />
    <line layer="TOP_SILKSCREEN" originx="-142.51968503937" originy="0" endx="-142.51968503937" endy="0" width="11.811023622047" />
    <arc layer="TOP_SILKSCREEN" originx="-138.58267716535" originy="0" startangle="-180.0" sweepangle="180.0" radius="3.9370078740157" width="11.811023622047" />
  </footprint>
  <symbol name="1985917" originx="0" originy="0">
    <line originx="200" originy="100" endx="600" endy="100" width="0" />
    <line originx="600" originy="-300" endx="600" endy="100" width="0" />
    <line originx="600" originy="-300" endx="200" endy="-300" width="0" />
    <line originx="200" originy="100" endx="200" endy="-300" width="0" />
    <sympin number="1" originx="200" originy="0" rotation="180" length="100" width="7.8740157480315" flipped="False">
      <text name="pinname" originx="230" originy="0" style="Default" rotation="0" justify="left" flipped="False" hidden="False" data="1" />
      <text name="pindes" originx="140" originy="20" style="Default" rotation="0" justify="lowerright" flipped="False" hidden="False" data="1" />
    </sympin>
    <sympin number="2" originx="200" originy="-100" rotation="180" length="100" width="7.8740157480315" flipped="False">
      <text name="pinname" originx="230" originy="-100" style="Default" rotation="0" justify="left" flipped="False" hidden="False" data="2" />
      <text name="pindes" originx="140" originy="-80" style="Default" rotation="0" justify="lowerright" flipped="False" hidden="False" data="2" />
    </sympin>
    <sympin number="3" originx="200" originy="-200" rotation="180" length="100" width="7.8740157480315" flipped="False">
      <text name="pinname" originx="230" originy="-200" style="Default" rotation="0" justify="left" flipped="False" hidden="False" data="3" />
      <text name="pindes" originx="140" originy="-180" style="Default" rotation="0" justify="lowerright" flipped="False" hidden="False" data="3" />
    </sympin>
  </symbol>
  <component name="1985917" designatorprefix="J" height="549.21259842519" footprint="1985917">
    <comppin designator="1" sympin="1" pinswap="0" gateswap="0" gate="1" group="1" side="" type="Any" name="1" />
    <comppin designator="2" sympin="2" pinswap="0" gateswap="0" gate="1" group="1" side="" type="Any" name="2" />
    <comppin designator="3" sympin="3" pinswap="0" gateswap="0" gate="1" group="1" side="" type="Any" name="3" />
    <attached_symbol gate="1" name="1985917" />
    <pinmap designator="1" footprintpin="1" />
    <pinmap designator="2" footprintpin="2" />
    <pinmap designator="3" footprintpin="3" />
    <text name="Datasheet" originx="0" originy="0" style="Default" rotation="0" justify="" flipped="False" hidden="True" data="https://media.digikey.com/pdf/Data Sheets/Phoenix Contact PDFs/Multi-Postion PCTerminal Blocks.pdf" />
    <text name="Description" originx="0" originy="0" style="Default" rotation="0" justify="" flipped="False" hidden="True" data="PCB Terminal Block 1985917" />
    <text name="TTI Part Number" originx="0" originy="0" style="Default" rotation="0" justify="" flipped="False" hidden="True" data="" />
    <text name="TTI Price/Stock" originx="0" originy="0" style="Default" rotation="0" justify="" flipped="False" hidden="True" data="" />
    <text name="Manufacturer_Name" originx="0" originy="0" style="Default" rotation="0" justify="" flipped="False" hidden="True" data="Phoenix Contact" />
    <text name="Manufacturer_Part_Number" originx="650" originy="200" style="Default" rotation="0" justify="left" flipped="False" hidden="False" data="1985917" />
  </component>
</quadcept_library>
