<?xml version="1.0" encoding="utf-8"?>
<!--/12791287/1071759/2.50/2/2/Connector/-->
<quadcept_library>
  <setting unit="mil" />
  <textstyle name="Default" height="47.244094488189" strokewidth="7.8740157480315" charwidth="47.244094488189" />
  <textstyle name="Dimension" height="19.6850393700787" strokewidth="0" charwidth="19.6850393700787" />
  <textstyle name="H127W0635TH00762" height="50" strokewidth="3" charwidth="25" />
  <textstyle name="H15W15TH02" height="59.0551181102362" strokewidth="7.8740157480315" charwidth="59.0551181102362" />
  <padstyle name="s195_h130" surface="False" plated="True" isvia="False" nopaste="True" nomask="True" complex="False" holesize="51.181102362204">
    <padshape layer="TOP" shape="square" width="76.771653543306" height="76.771653543306" />
    <padshape layer="TOP_SOLDER_MASK" shape="square" width="84.645669291338" height="84.645669291338" />
    <padshape layer="INNER" shape="square" width="76.771653543306" height="76.771653543306" />
    <padshape layer="BOTTOM" shape="square" width="76.771653543306" height="76.771653543306" />
    <padshape layer="BOTTOM_SOLDER_MASK" shape="square" width="84.645669291338" height="84.645669291338" />
  </padstyle>
  <padstyle name="c195_h130" surface="False" plated="True" isvia="False" nopaste="True" nomask="True" complex="False" holesize="51.181102362204">
    <padshape layer="TOP" shape="round" width="76.771653543306" height="76.771653543306" />
    <padshape layer="TOP_SOLDER_MASK" shape="round" width="84.645669291338" height="84.645669291338" />
    <padshape layer="INNER" shape="round" width="76.771653543306" height="76.771653543306" />
    <padshape layer="BOTTOM" shape="round" width="76.771653543306" height="76.771653543306" />
    <padshape layer="BOTTOM_SOLDER_MASK" shape="round" width="84.645669291338" height="84.645669291338" />
  </padstyle>
  <footprint name="1711725" originx="0" originy="0" pickpointx="0" pickpointy="0">
    <pcbpin number="1" name="1" style="s195_h130" originx="0" originy="0" rotation="90" />
    <pcbpin number="2" name="2" style="c195_h130" originx="200" originy="0" rotation="90" />
    <line layer="TOP_ASSEMBLY" originx="-99.999999999999" originy="232.28346456693" endx="300" endy="232.28346456693" width="7.8740157480314" />
    <line layer="TOP_ASSEMBLY" originx="300" originy="232.28346456693" endx="300" endy="-208.66141732283" width="7.8740157480314" />
    <line layer="TOP_ASSEMBLY" originx="300" originy="-208.66141732283" endx="-99.999999999999" endy="-208.66141732283" width="7.8740157480314" />
    <line layer="TOP_ASSEMBLY" originx="-99.999999999999" originy="-208.66141732283" endx="-99.999999999999" endy="232.28346456693" width="7.8740157480314" />
    <line layer="TOP_SILKSCREEN" originx="-99.999999999999" originy="232.28346456693" endx="300" endy="232.28346456693" width="3.9370078740157" />
    <line layer="TOP_SILKSCREEN" originx="300" originy="232.28346456693" endx="300" endy="-208.66141732283" width="3.9370078740157" />
    <line layer="TOP_SILKSCREEN" originx="300" originy="-208.66141732283" endx="-99.999999999999" endy="-208.66141732283" width="3.9370078740157" />
    <line layer="TOP_SILKSCREEN" originx="-99.999999999999" originy="-208.66141732283" endx="-99.999999999999" endy="232.28346456693" width="3.9370078740157" />
    <line layer="TOP_PLACE_BOUND" originx="-139.37007874016" originy="271.65354330708" endx="339.37007874015" endy="271.65354330708" width="3.9370078740157" />
    <line layer="TOP_PLACE_BOUND" originx="339.37007874015" originy="271.65354330708" endx="339.37007874015" endy="-248.03149606299" width="3.9370078740157" />
    <line layer="TOP_PLACE_BOUND" originx="339.37007874015" originy="-248.03149606299" endx="-139.37007874016" endy="-248.03149606299" width="3.9370078740157" />
    <line layer="TOP_PLACE_BOUND" originx="-139.37007874016" originy="-248.03149606299" endx="-139.37007874016" endy="271.65354330708" width="3.9370078740157" />
  </footprint>
  <symbol name="1711725" originx="0" originy="0">
    <line originx="200" originy="100" endx="600" endy="100" width="0" />
    <line originx="600" originy="-200" endx="600" endy="100" width="0" />
    <line originx="600" originy="-200" endx="200" endy="-200" width="0" />
    <line originx="200" originy="100" endx="200" endy="-200" width="0" />
    <sympin number="1" originx="200" originy="0" rotation="180" length="100" width="7.8740157480315" flipped="False">
      <text name="pinname" originx="230" originy="0" style="Default" rotation="0" justify="left" flipped="False" hidden="False" data="1" />
      <text name="pindes" originx="140" originy="20" style="Default" rotation="0" justify="lowerright" flipped="False" hidden="False" data="1" />
    </sympin>
    <sympin number="2" originx="200" originy="-100" rotation="180" length="100" width="7.8740157480315" flipped="False">
      <text name="pinname" originx="230" originy="-100" style="Default" rotation="0" justify="left" flipped="False" hidden="False" data="2" />
      <text name="pindes" originx="140" originy="-80" style="Default" rotation="0" justify="lowerright" flipped="False" hidden="False" data="2" />
    </sympin>
  </symbol>
  <component name="1711725" designatorprefix="J" height="716.53543307086" footprint="1711725">
    <comppin designator="1" sympin="1" pinswap="0" gateswap="0" gate="1" group="1" side="" type="Any" name="1" />
    <comppin designator="2" sympin="2" pinswap="0" gateswap="0" gate="1" group="1" side="" type="Any" name="2" />
    <attached_symbol gate="1" name="1711725" />
    <pinmap designator="1" footprintpin="1" />
    <pinmap designator="2" footprintpin="2" />
    <text name="Datasheet" originx="0" originy="0" style="Default" rotation="0" justify="" flipped="False" hidden="True" data="http://www.phoenixcontact.net/product/1711725" />
    <text name="Description" originx="0" originy="0" style="Default" rotation="0" justify="" flipped="False" hidden="True" data="PCB terminal block, nominal current: 24 A, rated voltage (III/2): 400 V, nominal cross section: 2.5 mm?, Number of potentials: 2, Number of rows: 1, Number of positions per row: 2, product range: MKDS 3, pitch: 5.08 mm, connection method: Screw connection with tension sleeve, mounting: Wave soldering, conductor/PCB connection direction: 0 ?, color: green, Pin layout: Linear pinning, Solder pin [P]: 5 mm, type of packaging: packed in cardboard. The article can be aligned to create different nos. of positions" />
    <text name="TTI Part Number" originx="0" originy="0" style="Default" rotation="0" justify="" flipped="False" hidden="True" data="" />
    <text name="TTI Price/Stock" originx="0" originy="0" style="Default" rotation="0" justify="" flipped="False" hidden="True" data="" />
    <text name="Manufacturer_Name" originx="0" originy="0" style="Default" rotation="0" justify="" flipped="False" hidden="True" data="Phoenix Contact" />
    <text name="Manufacturer_Part_Number" originx="650" originy="200" style="Default" rotation="0" justify="left" flipped="False" hidden="False" data="1711725" />
  </component>
</quadcept_library>
